<?xml version="1.0" encoding="UTF-8"?>

<portfolio>
	<desc> Este trabalho foi realizado no contexto da unidade curricular opcional Publicação Eletrónica, do mestrado em Humanidades Digitais e compreende a criação de uma interface flask, para navegação de ensaios realizados pelos alunos.
	</desc>
	<team>Este portfólio foi realizado por: Joana Freitas pg39383, Maria Ferreira pg39387, Sérgio Pereira pg39391. 
	</team>
<essay>
	<title>John F. Kennedy, “Ich bin ein berliner” - Speech analysis </title>
	<curricular_unit>Linguística Inglesa 4</curricular_unit>
	<degree>Línguas e Literaturas Europeias</degree>
	<student_name> Joana Beatriz Freitas </student_name>
	<link><a href="johnkennedy.pdf" target="_blank">ACEDER PDF</a> </link>

	<content>
		<introduction>
		In our essay, we will analyze the speech "Ich bin ein Berliner” by John F. Kennedy, from June 26, 1963. At this time the world and Germany were divided in two because of the Cold War: in one side the Federal Republic of Germany (backed by the USA) and on the other side the German Democratic Republic (backed by Russia). 
		This being one of the most famous political speeches from John F. Kennedy and one of the most important moments in the Cold War, we expect that with this essay we can highlight the aspects that are subtly hidden from the general public and what makes people believe in what John F. Kennedy is saying. 
		We will first start by explaining the contextualization of this speech, then write a personal view on the speech and conclude with a more linguistic analysis. 
		To sum up our job with this essay will be to deconstruct this speech and analyze the techniques that are used in political language and how they are used to manipulate the audience without them recognizing.
		</introduction>  
		<body>
		<p>Contextualization</p>
		<p>Speaker and the audience</p>
		This speech was given as mentioned before on June 26, 1963, in Berlin 22 months after the Berlin Wall was built by the Soviets as a barrier to prevent people from escaping from one block to the other, a time where West Germany, supported by the United States, was afraid that a communist invasion might happen. John F. Kennedy being the President of the United States at the time gave this speech, not too long, nor to short, as a way to show his support to West Germany. 
		First, we have to understand his audience: his audience was the Berliners, people who had been through War not so long ago and were still trying to compose themselves from all the damage that the war left them with, and audience fragile by past events.                Right in the begging of his speech he starts by praising the Berliners “I am proud to come to this city as the guest of your” distinguished Mayor, who has symbolized throughout the world the fighting spirit of West Berlin.” (Speech: Paragraph) this is a very fast way of gaining the affection and attention of the audience, he shows his admiration for the Berliners and he continues by saying how proud they should be for being who they are, for being Berliners “Two thousand years ago the proudest boast was "civis Romanus sum." Today, in the world of freedom, the proudest boast is "Ich bin ein Berliner." (Speech: Paragraph) and beginning by introducing it with a quote as a way to grab the audience attention. Something very important was also the fact that he went out of his way to actually speak in German by translating that one sentence that consequently brought him even closer to the audience. However, this part of the speech created a bit of controversy, a few months later, when he stated wrongly, “Ich bin ein Berliner” as the word “Berliner” in Germany refers to a famous pastry and the use of the article “ein” makes no sense. Obviously, President John F. Kennedy meant that even though he was not born and did not live there he was nevertheless, one of them. So, as we can see in the first two paragraphs, we already feel connected, which in politics is very important.
		As he goes on with his speech he tells the audience that most people do not understand the difference between both political systems and for that same reason they should come to Berlin and watch for themselves what is happening, which is something that keeps bringing people together, appealing to the audience and creating empathy towards the Berliners. “There are many people in the world who really don’t understand, or say they don’t, what is the great issue between the free world and the Communist world. Let them come to Berlin.”  (Speech: Paragraph)
		In the next paragraph “Freedom has many difficulties and democracy is not perfect (…)” (Speech: Paragraph) Kennedy addresses the fact that like other political systems, democracy also has its own particular faults and weaknesses, which helps his speech by transmitting a message that the audience can admire and relate making it difficult for his political opponents to attack him. He carries on by attacking his opponents “But we have never had to put a wall up to keep our people in to prevent them from leaving us.”, (Speech: Paragraph) by saying that they had to build a wall because people had started to leave, unlike in his country and West Germany where he says that people are happy, that they stay there because they actually have a good life and that he never had to make them stay because they never wanted to leave in the first place. In the same paragraph he gets the audience attention and connects once more with them 
		While the wall is the most obvious and vivid demonstration of the failures of the Communist system ¬¬ for all the world to see ¬¬ we take no satisfaction in it; for it is, as your Mayor has said, an offense not only against history but an offense against humanity, separating families, dividing husbands and wives and brothers and sisters, and dividing a people who wish to be joined together. (Speech: Paragraph)by saying that it is against humanity to separate families who wish to keep living together and expresses his concern and dismay towards a world that left Berlin down.
		In the following paragraph "What is true of this city is true of Germany: Real, lasting peace in Europe can never be assured as long as one German out of four is denied the elementary right of free men, and that is to make a free choice." (Speech: Paragraph)
		John F. Kennedy says that even though Berlin seems to be in a good place we cannot firmly say that peace can be assured while all Germans do not have the same rights and will to make the same choice. 
		He continues with the idea that the world must be united and that we are all one 
		Freedom is indivisible, and when one man is enslaved, all are not free. When all are free, then we can look forward to that day when this city will be joined as one and this country and this great Continent of Europe in a peaceful and hopeful globe. (Speech: Paragraph explaining that when one man is cut from his rights, the whole world is as well and only when all of us get to be free we can unite as one, and J.F.K firmly believes that, that day will come “When that day finally comes, as it will (…).” (Speech: Paragraph) Kennedy concludes by using his well-known phrase throughout the speech “Ich bin ein Berliner” to emphasize the idea that we are all free labeling Berlin as the icon of freedom. 
		Speech techniques: 
		Linguistic Analysis of the Speech
		Kennedy’s speech, as well as other political speeches carries several examples of rhetorical devices and methods of persuasion. The use of several words, rhetorical devices and even foreign language make his speech much more expressive and articulated. 
		In the first paragraphs of John F. Kennedy speech he starts his sentences with the same pronoun “I am proud...” “I am proud…” because he is talking about something positive (Rhetorical use of pronouns) and also to give emphasis to how proud feels to be in Berlin (Anaphora). By repeating the same words in the beginning of the sentences it helps making the message stronger and appealing to the hearer.  
		The second rhetorical figure that comes to attention is the Repetition of “Let them come to Berlin”, which Kennedy even translates to German appealing to the audience and also in order to make his statement stronger. Once again, in order to help his speech, getting through its message in a way that resounds with the audience he uses, the rhetorical figure, Repetition in the sixth paragraph, 3 times the word peace, 3 times the word free, 2 times the word good, 2 times the word true and finally 2 times the word right.
		As in most of his speeches, J.F.K uses Pathos to appeal the audience’s emotions “(...) separating families, dividing husbands and wives and brothers and sisters, and dividing a people who wish to be joined together.”.
		As he progresses with his speech, Kennedy uses ethos proficiently as he shows the audience through his words that he also came from a nation that endured slavery transmitting to the public that he knows what he’s talking about.
		John F. Kennedy also uses exaggeration “Freedom is indivisible, and when one man is enslaved, all are not free.” we know for a fact that this is not true but by saying this he is creating a sense of proximity and companionship between the whole world. 
		To conclude his speech, John. F Kennedy uses Pathos once more to connect with the audience “All free men, wherever they may live, are citizens of Berlin, and, therefore, as a free man, I take pride in the words "Ich bin ein Berliner."
		</body>
		<conclusion> 
		After analyzing the whole speech, we were able to see the different tactics and methods used by John F. Kennedy when this is given. The most used technique is his constant attempt to bring him and the Berliners together. It is a very heart-touching and comforting speech to the people of Germany who have lost so much and had the whole world against them because of the Nazis and for creating, even if indirectly, the second World War. In a rhetorical appealing way (by using pathos, ethos and anaphora) he is effective in express his message. 
		With this essay we understand that all political speeches use this kind of strategies, things that people who do not carefully analyze might let escape and makes people believe that they are speaking from the heart when we know that that is not the truth and we analyzed J.F.K.’s speech in particular but this is common ground to analyze most of the political speeches. 
		</conclusion>
		</content>
</essay>
<essay>
	<title>Feminism</title>
	<curricular_unit>Literatura e Cultura Norte-Americana
	</curricular_unit>
	<degree>Línguas e Literaturas Europeias</degree>
	<student_name> Joana Beatriz Freitas </student_name>
	<link><a href="feminism.pdf" target="_blank">ACEDER PDF</a> </link>
	<content>
		<introduction>
		This essay will focus on the feminism, genre and sexuality. First, it will start by explaining a lit bit of what is feminism, what started feminism and how it grew, secondly concentrating on genre and sexuality that were highly studied at this time and that are till this day a very important topic that changed in this era and are still subject of study and lastly the political side of feminism and how it is divided will be analyzed a little bit.
		This topic was my choice for this essay primarily because it is a subject that needs to be talked about because we are in the twenty-first century and we still have this kind of problems that should not exist anymore, all humans should by now have the same exact rights regardless of sex, genre or race and secondly because I am a woman so it is a subject that touches me deeply. I, at only 22 years old, have already felt many of the discrimination and differences between men and women (man saying very unpleasant things when they pass on the street) and I want to see that change, I want women to have the same rights as men even more now that I will soon start to look for a job and I believe that I do not deserve any less payment or rights in my workplace just because I am a woman. And lastly, because this is many times forgotten because yes, there has been many changes if we compare to the beginning of this “movement” called feminism, but there is still so many things that are put under the rug and people try to make it a “non-issue” because it is not favorable to men, to companies and even to some women.  
		While doing the research for this essay, coincidentally, a post on social media appeared that is a very good addition to this topic (see appendix 1). This proves that not only are men and human not equal but women are getting more fearful too respond to this type of advances because women have to live in fear, with the news being awful every day and getting worse and worse (women raped, women beat to death…).
		</introduction> 
		<body>
		<p>Feminism: what is it?</p>
		For many people there is a miss conception about this question “What is feminism?”. Many believe that this is just some silly thing, women wanting to start “drama” just because but these people never really tried to understand why women need this, why women cannot forget this fight even though we are in the twenty-first century and the reason why people do not really know what goals Feminism have is because people do not really care because they are conformed with the way our world works, it is really so easy to understand but are still people who never stopped a second to try to do some research and understand what are the basis of this movement. 
		The goals of feminism are very simple: equality (it looks simple right?), female empowerment (this is one that causes a lot of controversy) and finally to end the patriarchal standards based on gender norms and to achieve they have several political, social, ideological and philosophical movements.
		As mentioned before equality seems something pretty easy, but in reality is not. Feminism has already able to alter the dominant perspectives from culture to law in different areas of the Western Society, a topic were women’s activists had to do some aggressive campaigning as women’s legal rights for instance contract rights, property rights to voting rights and also (something that even I, born in 1997, cannot really understand because it seems so bizarre to me) the right of women to be in charge of their bodies  (women and girls of newer generations probably cannot imagine what is like to not have the freedom of having the autonomy of your own body to me them probably seems impossible that someone else besides them have the authority to decide what they can do with my body), to have the right to abort and also having reproductive rights (being able to take contraception and have access to prenatal care), the right  for  women and girls to be protected against domestic violence, sexual harassment and rape (as we know women were treated like objects so men felt like they had the right to do what they please with them even if they opposed to it, unfortunately many men still think like this) and lastly for labor rights for instance, maternity leave and equivalent wages and all other types of segregation.
		As mentioned before, for most people, the “empowerment of women” is just a way of women trying to be superior bur that does not correspond to the truth at all. The empowerment of women only means that women can (and should) have a voice and not me afraid to use, women should not conform, women have the right to be in the same landing as men. And if people could only think about it a little bit they would understand that the only reason that empowerment is needed is because women are oppressed since the beginning of times, many times we hear men comparing “why there is no empowerment for men?” and the reason is very clear: because man have the power since the begging of our world probably, because we live according to men law. If we were all equal women would not need empowerment but as long as women continued to be shut down and oppressed and are not able to achieve to every place (whether in work or in small things in their everyday life) as easy as men can than yes, women have to fight for their empowerment. 
		For most of its history feminist movements have had leaders that were mainly middle-class and white women from Western Europe and North America, however the speech of Soujorner Truth (born around 1797 was an African-American abolitionist and women's rights activist best-known for this speech on racial inequalities, "Ain't I a Woman?") in 1851 to the feminists of the United States many women from other ethnicities and social backgrounds emerged with different alternatives of feminism.  
		This was enhanced even more in the 1960s due to the civil rights movement that arose in the United States and also since the downfall of the African colonialism. From that point forward women in the previous European colonies and in the developing countries have proposed “postcolonial” feminism, in which some postulants, such as Chandra Talpade Mohanty (born in 1955, in Mumbai, India, it is now a distinguished Professor of Women’s and Gender studies) criticize Western traditional feminism for being too ethnocentric and black feminists like Angela Davis and Alice Walker also shared this perspective. 
		Feminists argued since the 1980s how women’s experience of inequality is related to prejudice, homophobia, classism and colonization and that this should be analyzed by the movement. 

		<p>The beginning of Feminism</p>
		Feminism began, during the nineteenth and early twentieth centuries in the United Kingdom and the United States, to focus, has mentioned before, in the promotion of equality in the contractual and property rights for men and women	and also on the objection of arranged marriages and to husbands have legally the right of owning their wives (and children). However, in the late nineteenth century, the movement started to change their focus, starting to focus mainly on the attainment of political power specifically the right of suffrage on the part of women, but feminists like Margaret Sanger had started at this time to campaign for the sexual, reproductive and economic rights of women. 
		In the United States of America, leaders of the suffrage movement had previously fought for the abolition of slavery prior to defending women right to vote – all of these women were immensely influenced by the “Quaker1” thinking. 
		Women from all different backgrounds and upbringings were part of the of the first feminist wave in the United States, Frances Willard belonged to Christian groups like Woman’s Christian Temperance Union other like Matilda Joslyn Gage were more radical and expressed themselves inside National Woman Suffrage Association (or independently), so as we can see these very different women that probably had nothing in common with each other before and have completely different ideologies are now together for a familiar goal: fight for women’s rights! 
		At last, the fight for the right to suffrage was won, the law was approved in the United States in 1920 but only to women who were the head of the family or wives of the head of the family, solely in 1928 for all women had the right to suffrage. It is important to say that only after a lengthy and very hard fight involving protests (that many times became violent), the arrest of many women and even the death of many others was this important goal achieved. 

		<p>The evolution of Feminism</p>
		After the fight for the right to suffrage, most women activists in the United States had the aim to end sexual discrimination (this fight continues to this day), particularly in the workplace and that is why, in the following years, in the end of the twentieth century there was a large expansion of the women’s rights in every area of modern society.
 		The artists of modernism had a conflicted attitude toward feminism: in one hand, they opt for quality of treatment between men and women in regard of the law and careers, but on the other hand, they still had in mind the feminine inadequacies perceived in terms of biology, culture and transcendence. Emma Goldman (a radical feminist) once a sentence that makes so much sense till this day “true liberation does not begin in polls or in courts [but rather] in the soul of a woman”. 

		<p>Genre and sexuality</p>
		Genre is socially constructed. The roles of genre and sexuality in a modernist America were elaborated through numerous studies such as national identity and citizenship, racial identity and policy, queer identity and aesthetics, visual culture, market economies and historical reports of political modernity in the twentieth century. 
		A lot of work was done by scholars of feminism, genre and sexuality in order to help reconstruct the field of American modernist erudition. The women writers became subjects of an extended literary study. The gay communities were now seen as standards of experimentation of the modern aesthetic, and both sexual identity and genre formation were perceived in a totally new way.  
		The postmodernist feminists highlighted that there were not only the male and female point of view, but multiple truths can occur at the same time. 
		Sexuality is a very important aspect when we talk about feminism. Sexuality was (and still is for many people) a taboo theme, women were not supposed to be sexual beings, women should respond to their husbands needs whenever they pleased and procreate nothing more. In this period, many powerful women accepted lesbianism and bisexuality as a part of feminism (some feminists agreed with this point of view while others deemed that sexuality was irrelevant to the achievement of their goal). 
		A theme that was a lot of times put up to debate by feminist was the “sex industry”, we have those who believe that this industry explores people and comes as a result of social patriarchal structures (something we saw in the beginning of this essay that feminists since the start of the movement had fight against) and also that the industry enhance activities like rape and sexual harassment (another main topic that feminists had fought since the beginning). However, on the other hand, we have those who support it because they consider that some types of the sex industry can be a way to express feminism and a way of women to control their own sexuality. And the same happens in the pornographic industry. 
		There is one aspect were all feminists agree and that is that sexual freedom is an essential step to the freedom of women. Feminists like, for instance, Catharine MacKinnon argument that women have very little control over their bodies since feminine sexuality is controlled and defined by men. The implanted ideologies that men have sexual rights over women are, for feminists, the basis for most of the sexual violence entrusted by them, that and also the almost non-existent legal option for women to be able to refuse this kind of sexual advances. All cultures are dominated by these ideologies that deny women any right to decide how to exhibit their sexuality because men are raised to believe that they have the entitlement to define sex on their own terms. 

		<p>The political aspects of feminism</p>
		Feminism was, without a doubt one of the most expressive social movements of the second half of the last century, there were many variations of this movement according to the country and historical circumstances. 
		Another important aspect also is the political involvements and sides of this movement. A few parts of women's liberation intently go with the political inclinations of society when all is said in done, for example, progressivism and conservatism. Since the beginning, it was divided in at least two great tendencies: the socialism and liberalism. Both of them stated the oppression of women and the need of overcoming, but there is a difference between these two. Whereas the liberal feminism had no anticapitalistic view, the socialist feminism stated the importance of double dimension: class and genre. 
		To understand how politics and feminism we need know the different political feminism that exist, with this it is very easy to see how distinct they are from one another while some are very radical and outside the box others have standard political ideas. In this essay only some will be presented, the most radicals and other more standard so we can see how detached they are from one another.  
		The more radical ones are Radical Feminism (they consider that the defining feature of women suppression is the capitalist hierarchy that is regulated by men and, if needed, they believe in the elimination of the entire society as we know it and total rehabilition) and Separatist Feminism (this one does not support heterosexual relations – some feminists find separatist feminism sexist and censure it for that). Now, the more standard one that fights for more fair goals is Liberal Feminism that long for equal rights between men and women through legal and politic reformation and do not seek to change the frame of society. 
		</body>
		<conclusion>
		<p>Conclusion</p>
		The conclusion that is possible to achieve during the elaboration of this essay is that definitely things have changed but not a lot if we are being very honest. Women are still not equals, they still earn less than man, they still are, highly objectified and liable to sexual harassment (even in the workplace), they are still the ones who get blamed many times in case of rape because they “were provoking men” and even though now many more legal ways to fight violence and sexual violence exist, they are not very effective, there are still women dying everyday due to domestic violence, many of which have reported the situation but justice is not fast enough and most times is not effective to protect these women. So I think that this has been a very, very slow process with little changes here and there to try to keep things calm and to make us think that we live in a very happy world and we are all very evolved human beings, we are all equal when in fact, if we research a little and analyze the differences very little has changed. 
		We still live in the world with very patriarchal ideologies deeply implanted that need to be left behind in order to make real progress in the world and so that when a woman goes to a job interview, for instance, can be only judged by her resume and work skills and not for her genre, sexuality or appearance, so that a woman can be respected and do not need to fear walking alone, so that woman can really be free and all people around the world can be treated as equal human beings because that is, at the end of the day, what we all are.  
		A lot of change is still needed and also, a lot of laws and mainly, efficiency at inforce these laws and also improvements in the legal system are needed and women (including myself) have a lot more fighting to do. 
		And also, this patriarchal ideology is implanted not only on men but also in women, most women think the same way as man do and are even faster to criticize behavior and point fingers.  
		Our only hope is that our generation can see these changes happened and hopefully, being the “new” generation with a much more open mind we can continue to fight and make something to make our world a better place for future generations. 
		</conclusion>
		</content>
	</essay>

<essay>
	<title>Metáforas no mundo da cosmética</title>
	<curricular_unit>Língua e Publicidade
	</curricular_unit>
	<degree>Línguas e Literaturas Europeias</degree>
	<student_name> Joana Beatriz Freitas </student_name>
	<link><a href="metacosmetica.pdf" target="_blank">ACEDER PDF</a> </link>
	<content>
		<introduction>
		Nós usamos a linguagem em quase todas as nossas atividades e em praticamente todos os lugares, sendo assim, a linguagem tem um papel de grande importância na nossa vida. Mesmo sendo algo tão importante acaba por nos passar como que despercebido, nós na nossa rotina diária não temos essa noção do quão importante a linguagem é. 
		No entanto, se fizermos uma pequena reflexão e nos perguntarmos: “Em que situações na nossa vida utilizamos a linguagem (verbal ou não)?” será muito fácil pensar em inúmeras situações como por exemplo, para comunicarmos com outros e para nos expressarmos e também a usamos em todos os lugares, por exemplo, num café ou no nosso local de trabalho. 
		Neste trabalho, que foi realizado no âmbito da unidade curricular Língua e Publicidade, iremos focar-nos na linguagem no contexto da publicidade. Sabemos perfeitamente que na publicidade a linguagem é utilizada porém muitas vezes não entendemos a forma como esta é utilizada e o efeito que este tipo de linguagem e a forma como é utilizada nos afeta. 
		Vivemos num mundo cada vez mais consumista, onde para pertencer a um certo grupo social ou quando queremos mostrar um certo estatuto social temos que possuir determinados produtos que estão na moda e que nos fazem ser aceites ou para que sejamos vistos como “importantes”. Este consumismo leva a uma crescente oferta de produtos, que leva a cada vez mais publicidade e, a pulicidade sabe muito bem como tirar proveito desta nova era ainda mais consumista e somos bombardeados com publicidade a toda a hora. 
		Aquilo que não nos apercebemos no meio de tanta publicidade é o jogo de palavras que esta usa e as diferentes estratégias da língua, que são usados de forma a atrair a nossa atenção e que criar em nós uma necessidade de comprar um produto que antes de vermos aquela publicidade não nos despertaria qualquer interesse nem achavámos que precisávamos. 
		Esta influência da publicidade acontece em todos nós mas será ainda mas sabemos que os jovens, de certa forma, mais impressionáveis mas mesmo os adultos que acham que não se deixam levar por este tipo de “artimanhas” são os que mais se deixam ser levados, comprando assim coisas que não precisam.
		</introduction>
		<body>
		<p>Como a publicidade faz uso da língua?</p>
		As empresas e marcas precisam de divulgar os seus produtos e de preferência de forma a que estes cheguem a muita gente porque quanto mais conhecido for o produto mais probablidade de mais pessoas comprarem e é para isso que serve a publicidade: a publicidade é a forma de estas marcas divulgar publicamente e de forma mais abragente o seu produto de forma a que quem vê a publicidade ganhe entre pelo que está a ser publicitado. 	
		Sabemos que a publicidade foi eficaz se atrair a atenção do leitor e se este se lembrar dessa publicidade, o que isto quer dizer é que, a publicidade não pode ser esquecível tem que ser chamativa e ter um conjunto de diferentes componentes que farão uma pessoa lembrar-se da publicidade e assim lembrar-se do produto que está a ser publicitado. 
		Para que a publicidade seja chamativa tem que se ter em conta alguns fatores que são importantes por exemplo a altura do ano (por exemplo, no verão vemos muita publicidade onde está um grupo de amigos mutio divertidos na praia a comer um gelado), as alturas mais festivas (a Coca-cola é o exemplo de uma marca que faz sempre anúncios muito giros na altura de Natal) e claro, os fenómenos linguísticos que são usados nestas publicidades como por exemplo metáfora, metonímia, aliteração, rima, expressões fixas e provérbios (...).
		Relembrando o que foi falado na introdução deste trabalho à cerca da influência da publicidade nas pessoas, ao fazer a pesquisa para a elaboração deste trabalho deparei-me com um anúncia da marca de cerveja “Sagres” (ver anexo 1) onde podemos ler a seguinte frase “Os homens preferem Sagres” esta frase pode ter uma influência por exemplo, num rapaz mais jovem que começa a beber as suas primeiras cervejas e quer ser visto como um homem, sendo assim ao ler esta frase ele pode pensar “se os homens bebem Sagres eu como também sou um homem tenho que beber Sagres também”.
		Este exemplo para muitos pode parecer exagerado, mas após o meu ingresso nesta unidade curricular e ter entendido mais profundamente estes pequenos truques da publicidade e através da pesquisa para a elaboração deste trabalho eu acredito muito que este tipo de raciocínio acontece, e como este vários outros, na cabeça das pessoas quando veêm uma publicidade.
		A metáfora na publicidade
		Neste trabalho, o caso de estudo é uso da metáfora na publicidade, de modo a entendermos como subtilmente esta se encontra presente e nos cativa sem que nós se que consigámos perceber. 
		Quando nos ensinam o que é a metáfora na escola, no ensino básico, dizerm-nos que a metáfora é “uma comparação sem como” e levamos esse ensinamento durante o nosso percurso escolar (o que na minha opinião é prejudicial). A metáfora é sim uma forma de comparação mas não é assim tão básica, a metáfora é quando nos usamos uma palavra que possuí um determinado sentido e que quando aplicada numa determinada situação ganha um novo sentido e estes dois sentidos, o original e o sentido que ganha naquela situação, irão partilhar entre si uma relação de semelhança. 
		De forma a mostrar isso em termo práticos, irei mostrar de seguida uma série de anúncios que possuem metáfora e irei identificar e tentar explicar a metáfora existente nesses anúncios. Todos os anúncios aqui apresentados foram fotografados por mim de diferentes revistas e todos são da área da cosmética. 
		Para começar temos um anúncio de um produto FilmogelSpot, um produto anti-acne da marca Urgo (ver anexo 2) que promete eliminar as borbulhas. No anúncio podemos ler a seguinte frase “o escudo invisível antiborbulhas” a metáfora nesta frase é usada no significado da palavra escudo, a palavra escudo significa um objeto de proteção geralmente de metal usado para defender algum tipo de golpes inimigos. Neste caso aparece com o sentido de que aquele fina e tranparente camada daquela prdouto irá proteger a pela da mesma forma, através da utilização deste produto a nossa pele estará protegida de borbulhas. Ou seja, escudo está nesta frase como proteção contra borbulhas. 
		No segundo anúncio (ver anexo 3) trata-se de uma depiladora  da marca Philips, a Philips Lumea IPL (IPL é uma sigla de Luz Pulsada Intensa) onde vemos a seguinte frase “E fez-se luz”, apesar de ser uma expressão fixa (fez-se luz) neste caso tem duas conotações, primeiro fez-se luz é uma metáfora para o facto da depiladora ser inovadora pela sua tecnologia de depilação através da luz e é uma metáfora para a imagem que vemos, na imagem é possível vermos uma figura feminina que está caracterizada como um anjo a entregar o produto a uma mulher, este “E fez-se luz” tem então neste caso primerio o fez-se luz que está habitualmente conotado com o ter uma ideia é aqui o facto de ser inovador isto é, luz como algo novo, e segundo a relação entre o “luz” e a imagem é a luz como algo mágico/divino.  
		O terceiro anúncio (ver anexo 4) é da marca Juvena e publicita o novo creme deles o Master Cream. No anúncio temos a seguinte pergunta “Recriar uma nova pele?” e abaixo a respetiva resposta “Agora é possível”. O verbo recriar significa criar algo de novo, algo do zero neste caso significa não começar do zero mas dar uma nova vida é acabar com as imperfeições e fazendo com que o consumidor fica com uma pele tão bonito que irá parecer outra pele, diferente da que tinha antes de começar a utilizar o creme.  Neste caso, recriar como eliminar as imperfeições. 
		O último anúncio (ver anexo 5) é da marca EasySkinCare e está a publicitar o novo creme de veneno de abelha e diz que é “botox natural” como sabemos, o botox não é natural mas sim um líquido que é manipulado que quando injetado na pele preenche as rugas por isso aqui neste caso este “botox” disfarça as rugas sem ser necessário uma intervenção média ou seja, botox natural está como disfarçar de rugas natural. 
		</body>
		<conclusion>
		Através da elaboração deste trabalho é impossível não perceber que a Língua e a Publicidade andam de mãos dadas, isto é a língua é de extrema importante (eu diria até um dos fatores de maior importância) na publicidade. A língua é o que nos leva a compreender um produto ou ganhar interesse por um produto e o uso destes pequenos truques que foram explicitados ao longo deste trabalho é aquilo que faz com que nós tenhamos uma reação positiva ao produto porque ao ler um anúncio o leitos vai descondificando pequenas menagens ou figuras linguísticas que estão presentes. Por exemplo se um anúncio for engraçado nós  vamos lembrar da linguagem usada nessa anúncio seja através de linguagem verbal ou da linguagem não verbal (um trocadilho ou um grupo de amigos muito divertidos).  
		A metáfora é um dos melhores recursos linguísticos para a publicidade porque dá um novo significado a uma palavra, ou seja, provavelmente diz de uma maneira mais interessante e chamativa aquilo que realmente significa, a metáfora dá como que uma nova vida a uma palavra e isso vai  fazer com memorizamos mais rapidamente aquele anúncio porque é diferente, cumprindo assim o AIDMA (Atenção, Interesse, Desejo, Memorização e Ação). 
		</conclusion>
		</content>
</essay>


<essay>
	<title> A cultura na Alemanha da era nacional-socialista </title>
	<curricular_unit> Literatura e Cultura Alemã </curricular_unit>
	<degree> Línguas e Literaturas Europeias </degree>
	<student_name> Maria Ferreira </student_name>
	<link><a href="nscultura.pdf" target="_blank">ACEDER PDF</a> 
	</link>
	<content>
		<introduction>
		<p>INTRODUÇÃO</p>
		Este ensaio, realizado no âmbito da unidade curricular de Literatura e Cultura Alemã, visa explorar a cultura na Alemanha da era Nacional-Socialista, desde Janeiro de 1933, até ao seu final, proveniente da derrota na Segunda Guerra Mundial, em 1945.
		É abordada a maneira como este regime totalitário de direita controlou todas as esferas da vida social, política e económica e de que forma influenciou a cultura desta era, desprezando tudo aquilo que não seguia as suas ideologias políticas ou que derivava de artistas não arianos de forma a “promover a cultura alemã na responsabilidade pelo povo e pelo império”  (“Die deutsche Kultur in Verantwortung für Volk und Reich zu fördern”).
		É também exposto aquilo que os nazis consideravam “arte degenerada”, o papel fundamental do cinema, a arquitectura que tinha as suas caracteristícas próprias expondo a intensidade do regime e a literatura que abordava temas como a guerra, o heróico, e os camponeses.
		</introduction>

		<body>
		<p>O TERCEIRO REICH</p>
		Desde Janeiro de 1933, com a chegada do regime Nazi ao poder, que a Alemanha sofreu drásticas mudanças nas suas estruturas.  Este partido tinha como objetivo distanciar-se da Alemanha Guilhermina e da República de Weimar, mudando não só o panorama político, económico e territorial, mas também o panorama artístico de forma a sincronizar tudo o que constitui um estado.
		Os Nazis defendiam a arte que demonstrasse um tom de orientação de extrema direita e que apoiasse o nacional-socialismo opondo-se, assim, aos ideais socialistas e comunistas.
		Para este regime, tudo deveria servir o estado e a arte não era uma exceção. As produções artísticas deixaram de ser feitas com base em funções pragmáticas ou até formalistas e passaram a servir as pessoas e as raças, seguindo sempre o ideal da superioridade da raça Ariana. Esta raça significava aos olhos de Adolf Hitler aquilo que havia de mais puro e belo no ser humano. 
		Viam a cultura da modernidade e a arte bolchevique como decadente e rejeitavam tudo aquilo que não fosse Alemão ou que fosse produto de “sanguessugas judaicas” eliminando tudo o que foi proveniente de Judeus ou que demonstrasse outros ideais políticos, oprimindo assim uma parte da história e legado alemão. Procuravam manter valores tradicionais alemães e nórdicos alinhados com os ideais nazis.
 		Na cultura desta época estavam sempre presentes os elementos base dos seus ideais políticos como a raça, a família, o povo, a fidelidade, a obediência, o sofrimento e o respeito pelo país. 
		<p>CENSURA E ARTE DEGENERADA</p>
		Joseph Goebbels, ministro da propaganda, foi uma peça fundamental no regime do Partido Nazi. Tinha como missão garantir que tudo aquilo que pertencia à esfera cultural estivesse de acordo com os ideais da propaganda do partido. 
		Eliminou todo o tipo de associações judaicas ou de outros grupos étnicos e tudo aquilo que não era favorável aos ideais do estado e em Setembro de 1933, criou a Câmara de Cultura do Reich com departamentos individuais que englobavam os vários setores culturais como o cinema, a música, o teatro, entre outros, de forma a controlar tudo aquilo que chegava a público. Neste sentido, todos aqueles que pretendiam trabalhar em áreas artísticas, até mesmo artesãos, tinham que pertencer a algum destes departamentos. Muitas obras não passaram nas normas e não iam de acordo com os ideais clássicos do partido e foram proibidas sendo que muitos artistas foram obrigados a fugir para o exílio, tanto interno como externo.
		Em 1937 em Munique, estreou a exposição “Arte Degenerada”, um termo usado para condenar a arte moderna, em que foram confiscadas e expostas centenas de obras de movimentos como o Cubismo e o Dadaísmo e de autores que não eram louvados por causa das suas crenças ou raça, de forma a originar sentimentos desagradáveis por parte dos observadores das doze cidades por onde a exposição passou. Aqui foram expostas obras de artistas como Max Ernst e George Grosz. Até a música com um tom mais modernista foi hostilizada nesta exposição.
		<p>CINEMA</p>
		O cinema, que cativou as atenções na República de Weimar durante os Dourados Anos Vinte, era uma componente essêncial do partido Nazi e da sua propaganda. Tanto Adolf Hitler como Joseph Goebbels sabiam que era uma forma de influência e manipulação da mente quando usado para divertimento e fins propagandísticos. 
		Como esperado, o cinema, constituía um dos departamentos da Câmara de Cultura. Todos aqueles que estivessem envolvidos na produção de um filme, teriam de ser membros desse departamento. Todos aqueles a quem não fosse confiada a possibilidade de embarcar na produção de um filme, fosse por motivos raciais ou ideológicos, deveriam manter-se afastados. 
		Ao serviço do cinema, existia uma regulamentação legal e económica que assegurava o controlo do estado desde o início ao fim da realização do projeto e que visava garantir que todos os filmes produzidos fossem de acordo com os ideais do partido, examinando assim não só a produção nacional, mas também os filmes estrangeiros exibidos em estabelecimentos privados.
		Sob a alçada do regime Nazi, foram produzidos milhares de filmes, que louvavam a Alemanha e o seu espírito e tradições, como o filme Hans Westmar (ver anexo 1).  
		Leni Riefenstahl teve um grande impacto no cinema de enaltecimento alemão, apreciada pela sua estética e técnicas de realização, em filmes como Triumph Des Willens e Olympia.
		Ao mesmo tempo foram também produzidos filmes com o intuito de descompor a imagem dos judeus expondo-os como seres sujos e desonestos, como no filme Jud Suss (ver anexo 2), idealizado por Joseph Goebbels e realizado por Veit Harlan.
		Durante este severo regime, foram produzidos milhares de filmes culturais e noticiários, todos ao seu serviço. Os filmes culturais pretendiam espalhar o ideal racial e de “sangue e solo” enquanto que os noticiários contavam os triunfos do partido.
		<p>ARQUITETURA</p>
		A arquitetura foi outra forma de expressão do regime Nazi. Adolf Hitler acreditava que   as ideologias e poder do partido se deveriam retratar nos novos edifícios, erguidos com formas clássicas e monumentais “como nos edifícios de Hermann Giesler, Albert Speers e Paul Ludwig Troosts”  (“Wie in den Bauten Hermann Gieslers, Albert Speers und Paul Ludwig Troosts”), desprezando tudo aquilo que fosse modernista.
		Em 1936, a pedido de Hitler, foi feita uma restruturação da cidade de Berlim, conduzida por Albert Speer, com o objetivo de transformar a cidade num centro de expressão de poder. Era um projeto que visava a construção de edifícios para administrações e ministérios do regime Nazi. Esta obra, tal como outras, não foi terminada por consequência da Segunda Guerra Mundial, para onde foram viradas todas as atenções e em que foram necessários todos os meios económicos.
		Certamente se não fosse esta guerra e a derrota que com ela veio, a Alemanha era agora um lugar com uma riqueza ainda maior em termos de construção com as características arquitetónicas que são associadas ao regime como a grandiosidade através de linhas simples, a simetria, os elementos retangulares com decorações humildes e as eminentes fachadas horizontais em pedra.
		<p>LITERATURA</p>
		A restauração dos princípios da literatura iniciou com a noite da queima dos livros a 10 de Maio de 1933 em que foram queimados livros escritos por autores judaicos e de outras convicções políticas, incluindo obras de autores como Thomas e Heinrich Mann. Depois deste acontecimento foi cada vez mais forçada a exclusão de escritores que não fossem arianos levando a que mais de duzentos e cinquenta autores fossem obrigados a recorrer ao exílio. 
		Enquanto se encontravam em solo estrangeiro escreveram várias obras sobre a sua experiência com um tom político e romances contra o regime. Lion Feuchtwanger, um escritor alemão judaico, escreveu em Exile sobre a sua situação de exílio ao contrário de outros autores, que quando se encontraram naquela situação, perderam a sua vontade de escrever, levando-os até ao suicídio.
		A literatura permitida pelo estado, era como em todas as outras áreas culturais, aquela que passava os ideais por ele defendido e muitos autores viram os seus trabalhos honrados pelo regime. Os géneros literários prediletos do partido Nacional-Socialista encontravam-se dentro das representações de guerras e heróis e romances caseiros que abordavam a vida de camponeses.
		Existiram, considerados pelo regime, grandes escritores, entre eles Hans Friedrich Blunck, Ludwig Friedrich Barthel, Hanns Johst, Albert Leo Schlageter ou até Josef Weinheber, visto pelo regime como o “mais importante poeta lírico e contemporâneo”. 
		Muitas das obras deste período eram caracterizadas pelo antissemitismo, pelo darwinismo social e pelas convicções de superioridade racial ariana e inferioridade judaica e de outras etnias. A partir de 1933, muitos romances abordaram a guerra devido aos preparativos que estavam a ser feitos para a Segunda Guerra Mundial.
		</body>

		<conclusion>
		<p>CONCLUSÃO</p>
		O partido Nacional-Socialista, teve um impacto colossal desde a sua entrada para o poder, conseguindo afetar todas as estruturas constituintes do estado. Usaram estratégias e propaganda que controlaram até ao mais ínfimo pormenor tudo aquilo que chegava a público de forma a retratar a grandiosidade, designada pelos nazis, do regime. 
		Denegriram e eliminaram tudo aquilo que era relativo a outras ideologias políticas, e que era produzido por artistas de raças ou etnias que não a Ariana pois viam esta raça como superior e representativa de tudo o que é puro e bom no ser humano. 
		Teve impacto em todas as áreas desde a política à filosofia, sendo que neste ensaio foram abordados a arte degenerativa, o cinema, a arquitetura e a literatura. 
		Este regime de direita, o mais vil da história alemã e mundial, conseguiu moldar a mente de uma nação, incutindo valores perversos e dizimando anos de cultura e contributos para a pátria por parte de mentes brilhantes que fizeram parte da sua história. 
		</conclusion>
	</content>
</essay>

<essay>
	<title> Hudson River School </title>
	<curricular_unit> Literatura e Cultura Norte-Americana </curricular_unit>
	<degree> Línguas e Literaturas Europeias </degree>
	<student_name> Maria Ferreira </student_name>
	<link><a href="hrs.pdf" target="_blank">ACEDER PDF</a> 
	</link>
	<content>
		<introduction>
		<p>INTRODUCTION</p>
		This essay, made in the context of the curricular unit of North-American Culture and Literature, of the last year of the degree in European Languages and Literatures, pretends to develop a deeper knowledge of the Hudson River School, an artistic stream that was a part of the 19th century.
		There are here approached the characteristics that made this movement so imponent and all of this establishes the way for the life and work of the artists that took a lead role in this movement. Thomas Cole, the pioneer of it, and Frederic Edwin Church, the one that continued Cole’s legacy.
    	</introduction>

    	<body>
    	<p>CHARACTERIZATION OF THE MOVEMENT</p>
		The Hudson River School of painting was an American art movement based in New- York, in the 19th century, influenced by romantics in the detail of reality, in which the artists pretended to strength the relationship of man with nature while paying tribute to the colossal and ferocious natural landscapes spread over North-America, in areas such as Catskill in New York, home of the Hudson River, and also the wilderness of New England. Not making this their only goal and with a marked nationalist vein, these artists tried to create a legacy in art which America could be proud of. Even though they did not carry the cultural baggage that European artists did, and although some of them studied in European art schools, they wanted to separate themselves from Europe and show the world that their nation had amazing splendor in its natural and untouched landscapes. For these artists, the natural heritage itself proved the existence of God, making their home a holy land and at the same time conserving nature, since amid the 1800s, with industrialization, people were rushing from the country side to cities while machinery was taking over the city, turning America into one of the superpowers of the world and making man lose its connection to the true wonder that is the natural scenery.
		While looking at their paintings, the spectators can see that the artists always made nature take a leading role, and sometimes, people or animals painted in a smaller scale, took a secondary one. They also pretended to show nature as it was, with its raw and intense qualities instead of perfect and symmetrical ones and were not afraid of showing that it was powerful in its vulnerability and unsettling with stormy skies and darkened clouds, using lightning and shadows to be able to present even the smallest detail and create a degreepiece, just like nature itself.
		Moving on to the artists, when talking about this movement it is impossible not to connect it with Thomas Cole, recognized as the pioneer of the Hudson River School.
		Born in 1801 in England but naturalized North-American, he developed since an early age and admiration for nature and its landscapes. Being an usual reader, it was in his books that he discovered his fascination for America, which he got to discover once his family moved to Philadelphia, in 1818, since his father was always trying to find better jobs to be able to provide for his family. It was in Philadelphia that he started to give his first steps in the artistic world, being a textile designer and engraving illustrations. Five years later he started attending classes at the Pennsylvania Academy of the Fine Arts and in 1825, once ready to start his career, he moved to New York and it was then that he came face to face with his greatest inspiration, the Catskill Mountains, starting the legacy of landscape painting. It was here that he composed works that caught the attention of influential artists that helped him get into the city cultural life and gave him artistic recognition which subsequently led him to being able to take profit from his art. In this year he painted “Lake with Dead Trees” (see annex 1), a painting of a lake fenced by lifeless trees and with two deer. This painting is a mark in his career since it is seen as the begging of his portraits that take inspiration in Catskill and the Hudson River.
		From then on, he focused on his growth as an artist and was always in search of developing the knowledge and perfection of his craft by studying other artists and works previous to him and travelling in search of nature’s splendor, while meeting other people connected to the arts. In 1827 he produced “Expulsion from the Garden of Eden” (see annex 2), inspired by a religious episode, in which he paints according to the characteristics of this movement, playing with lights and shadows while giving nature an imponent size in comparison to the human bodies of Adam and Eve.
		When it came to 1835 and once established in communion with his wife, in Catskill, he wrote the “Essay on American Scenery” in which he drafted thoughts such as “I cannot but express my sorrow that the beauty of such landscapes are quickly passing away - the ravages of the axe are daily increasing - the most noble scenes are made desolate” ,reflecting on the fact that industrialization was becoming a major threat to nature. This is also reflected in one of the paintings of the third stage of the collection, “The course of Empire”, entirely made by him. With the name “The consummation of Empire” (see annex 3), the painting shows the disappearance of nature replaced by neoclassical buildings, contrasted by people of all social classes in a smaller scale.
		In the last years of his life he embraced religion and thought of art as a way of honoring the creations of God. It was in these years that he painted one of his last works of a vast collection he produced during his life. “The Pic-Nic” (see annex 4), painted in 1846, shows a different tone in connection to other works. There isn’t a wild landscape and instead we see a harmonious scale between nature and man which can be seen as a reflection of the artist way of accepting that man was deep into the process of taming nature and putting to an end its wild essence. It was also a few years before passing away, in 1848, that he took under his support Frederic Edwin Church, the artist that would continue with the legacy of the Hudson River School.
		Born in 1826, into a wealthy family in Connecticut, Frederic Edwin Church had since an early age demonstrated a great interest for the arts. His father, being a wealthy man with connections, was able to reach out to a well-known Connecticut collector to propose to Thomas Cole to teach his art to his son, when he was about eighteen years old. Once teacher and student, they perfected the craft that Thomas Cole had been exercising for years and focused on the landscapes of New York, which is clearly represented in the work he produced a year after Cole’s death, “Morning, Looking East over the Hudson Valley to the Catskill Mountains” (see annex 5), that opens the way for the second generation of the Hudson River School. This breath-taking painted view was a carefully crafted work of art that followed the romantic traits of Thomas Cole and the obvious features of the Hudson River School, however, at the same time, creating an identity of his own, with the way he painted the climatic surroundings.
		Church had a curious part in himself that led him to search for inspiration and see what other treasures America had to offer. Following this teaching adventure between Cole and Church and once the pupil was established in New York, his career was growing at an incredible pace since beside learning and perfecting what his degree had taught him, he was able to make his art his own and use it for financial profit, which showed he also had a way for business.
		In 1859, he produced “The Heart of the Andes” (see annex 6), in a way that would engrave a descriptive and reliable memory of the place, in order to give it to Alexander von Humboldt, a well-known man connected to the sciences that inspired Church to travel to the Andes. The exhibition of this work caught the attention of a special spectator, Isabel Carnes, that would after become his wife. They lived in a small property in New York which he used to be able to be surrounded by nature and animals. But this was also a time marked by helplessness since in 1865 they had two children that died from a serious disease. Following this both husband and wife felt the need to escape so they decided to take a journey through Jamaica, which would become a source of inspiration for Church. It was also in this year that he produced “Aurora Borealis” (see annex 7), which is a perfect piece that shows his ability to paint the atmospheric scenery. Inspired by a friend’s journey to the Artic, with sketches and written testimony, he was able to recreate the landscape.
		In 1866 they welcomed another son, that would survive to become an adult. Four years later, with the money he got from his art, a sufficient amount to live from it, he started designing a home for him and his family inspired by the architecture he saw in an eighteen month trip he took, between these years, through several holly places such as Jerusalem. The construction of this house was completed around 1872 and it is still standing until today, transformed into a museum, being a historic piece of New York.
		In his last years he was consumed by rheumatoid arthritis which affected his hands mobility and although continuing to paint, inspired by the journeys of his life, his glorious days were behind him. He continued to travel and even when having to stay at home he received visits from his friends who kept his artistic vein active. Since the money he made enabled him to live a prosperous life he started to buy some of his paintings for himself. His life was over in 1900 but his memory and legacy live on forever.
		These two were not the only members of this movement and there were also other artists that contributed to this legacy that America was left with, but we can consider Thomas Cole and Frederic Edwin Church the artists that opened the way for the Hudson River School.
    	</body>

    	<conclusion>
    	<p>CONCLUSION</p>
		The Hudson River School is an art movement that had the desire to maintain man connected to nature while demonstrating in the artist’s work the immensity of North- America’s landscapes in places such as New York. Separating themselves from the European art, they portrayed America as a Holy Land in its nature, protecting it from industrialization, while creating a true fraternity movement.
		Thomas Cole, born in England but naturalized North-American, was the pioneer of this movement and had since an early age demonstrated interest for the America he got to know from his books and that he got to experience once he and his family moved there. It was in America that he started his career and produced astonishing work that started the legacy of the Hudson River School.
		Frederic Edwin Church, who since an early age demonstrated a fascination for the arts and an adventurous vein, followed the steps of his mentor, Cole, starting the second generation of this movement, while keeping a distinctive and intrinsic feature on his works, that separated him from his teacher and led him to continue a legacy that remains in the memory until today.
    	</conclusion>
		</content>
</essay>

<essay>
	<title> O uso da metáfora em cosméticos e automóveis </title>
	<curricular_unit> Língua e Publicidade </curricular_unit>
	<degree> Línguas e Literaturas Europeias </degree>
	<student_name> Maria Ferreira </student_name>
	<link><a href="ca.pdf" target="_blank">ACEDER PDF</a> 
	</link>
	<content>
		<introduction>
		<p>INTRODUÇÃO</p>
		Este trabalho, realizado no contexto da unidade curricular opcional de Língua e Publicidade, do terceiro ano da licenciatura em Línguas e Literaturas Europeias, pretende evidenciar a importância da publicidade atualmente e os fatores imprescindíveis para conseguir alcançar o seu propósito, a compra do produto por parte do consumidor.
		De seguida, serão abordados os conteúdos aprendidos durante as aulas de Língua e Publicidade, mais concretamente, de que forma a língua e os recursos linguísticos, em específico, a metáfora, são utilizados na publicidade, juntamente com a imagem, para conseguir mais eficácia e cativar a atenção do consumidor.
		</introduction>

		<body>
		<p>IMPORTÂNCIA E PROPÓSITO DA PUBLICIDADE</p>
		A publicidade é sem dúvida um dos fenómenos mais evidentes e fundamentais nos dias de hoje para qualquer marca ou empresa pois o “poder conciliador atribuído à publicidade nas sociedades modernas, e que advém da própria necessidade humana de simbolismo, é também o que confere à publicidade um papel que era prestado pela religião nas sociedades tradicionais.” (Silva, Galhardo, Torres, 2011, 303). É a partir da publicidade e de boas campanhas publicitárias que se conseguem maximizar lucros, ao mesmo tempo que se criam relações positivas e de lealdade com os consumidores, enaltecendo a marca dentro do vasto mercado de compra que cada vez mais aumenta, de forma a criar distância de outras marcas.
		No entanto não é apenas para a marca que a publicidade é importante. A publicidade permite ao consumidor ter mais consciência de todas as opções existentes no mercado ajudando-o a fazer a escolha mais adequada para si próprio. É com os produtos vendidos que os consumidores se sentem pertencentes a qualquer grupo, o que define a sua identidade e estilo de vida, dentro da sociedade. “Na publicidade, o indivíduo é movido pelo consumo que exprime não só a mera satisfação de necessidades, mas também a possibilidade de realização de desejos, funcionando como acesso a um lugar no mundo.” (Silva, Galhardo, Torres, 2011, 305).
		Assim, os anúncios são condicionados de acordo com o seu propósito. Todos os passos a seguir na criação de uma campanha ou anúncio publicitário, estão sintetizados na sigla AIDMA. Atenção, interesse, desejo, memorização, ação. Para isto, as equipas criativas encarregues da publicidade têm sempre em conta fatores como, o tipo de produto, o público alvo, a cultura e língua a que se dirigem, o contexto, entre outros, de forma a suscitar desejo e emoção na compra por parte do consumidor e levá-lo a sentir felicidade instantânea. São também utilizados nas publicidades, slogans e títulos informativos para melhorar a compreensão e aceitação por parte do consumidor.
		<p>A LÍNGUA NA PUBLICIDADE</p>
		Um dos aspetos de grande relevância na publicidade, é, sem dúvida, a linguagem verbal, ou seja, a linguagem que é expressa por palavras escritas ou emitidas oralmente, pois é esta, que juntamente com imagens, consegue atingir um nível elevado de eficácia na relação com o consumidor. O uso da linguagem verbal na publicidade, deve compreender vários fatores, entre eles, ser direta e acessível de forma a apelar à empatia do consumidor, apresentar conteúdos relevantes, demonstrar a essência e importância do produto, de maneira a seduzir o consumidor a comprar. Desta forma, a publicidade utiliza os vários recursos linguísticos existentes, como neologismos ou a rima, com o objetivo de captar a atenção do consumidor.
		Olhando para casos concretos, podemos ver que os anúncios a seguir analisados são exemplos sólidos que usam a língua e recursos linguísticos, em concreto, as metáforas, para passar a sua mensagem para o consumidor.
		O primeiro anúncio (ver anexo 1), um anúncio publicitário da marca de cosméticos de luxo, Eisenberg Paris, do produto Hydra Lifting, promete cuidar da pele mantendo um aspeto jovem. No título do anúncio, “Sacie a sua pele!”, pode-se ver o uso da metáfora, no sentido em que adapta a palavra “sacie”, normalmente ligada à satisfação de deixar de sentir fome ou sede, a outro contexto, isto é, o verbo é utilizado de forma a dar a entender que a pele é como uma pessoa que sente necessidade de ser satisfeita. Aqui, o título está ligado à descrição do produto, “...especialmente concebido para a pele sedenta...”. Mais uma vez, existe o uso da palavra “sedenta”, normalmente associada à sensação de sede ou desejo excessivo de algo por alguém, de uma forma diferente, isto é, referenciam a pele como algo que tem vida própria e necessidades, como uma pessoa. No segundo anúncio (ver anexo 2), da marca de cosmética, Lierac, do produto Supra Radience, destinado à desintoxicação da pele ao mesmo tempo que cuida do aparecimento de rugas, podemos ver o uso da metáfora no título do anúncio, “E que tal uma gota de detox?”. Detox (desintoxicação), é associado a várias estratégias, dentro da alimentação ou uso de certos produtos, que ajudam na eliminação de substâncias que são más para o organismo. Neste título, sugerem que o sérum é o próprio detox e não um meio pela qual a desintoxicação da pele é atingida, ou seja, produto como detox.
		Em ambas a campanhas existe um elemento comum, mais concretamente, o público alvo. Uma vez que a publicidade procura ser essencialmente social, atingindo diversos estereótipos sociais, podemos ver que se dirigem às mulheres de uma faixa etária mais elevada, que tenham como objetivo manter a juvenilidade da pele, lutando contra as rugas e imagem das marcas da idade, uma vez que nos dias de hoje, ser jovem é um sinónimo de felicidade e beleza.
		O terceiro anúncio (ver anexo 3) apresenta uma campanha da marca de automóveis Audi, em específico, o Audi A5 Sportback, com o título “O sonho da inteligência artificial”. Aqui podemos ver o uso de metáfora no sentido em que troca uma pessoa, por inteligência artificial, sendo que a inteligência artificial é uma forma de mecanismos ou softwares, que apesar de ser uma simulação da inteligência humana, não tem experiêncais humanas como os sonhos.
		Os próximos anúncios (ver anexos 4 e 5), são também de uma marca de automóveis, a BMW, mais concretamente, o BMW Série 4 Cabrio e o BMW Série 4 Gran Coupé. Os dois anúncios fazem parte da mesma campanha, em que o mote consiste em incentivar o consumidor a exigir. No anúncio quatro, o título consiste em “Exija mais horas de sol”. Uma vez que não é possível ao ser humano criar mais horas de sol, podemos ver este título como um modo de dizer ao consumidor para procurar mais tempo para desfrutar do automóvel. Aqui temos uma metáfora no sentido em que referencia, por exemplo, tempo livre, lazer, como horas de sol. No anúncio cinco, com o título “Exija mais estrada”, pode ser vista uma metáfora, que consiste em dar a entender ao consumidor que o carro tem capacidade de percorrer o mundo, ou seja, estrada como grandes distâncias.
		Tanto a Audi como a BMW usam slogan, como uma assinatura da marca. Na primeira, “Na vanguarda da técnica”, e na segunda, “Pelo prazer de conduzir”. Os slogans servem o propósito de identificar a marca, mesmo que marcas mais conceituadas não precisem para serem facilmente identificadas.
		O último anúncio (ver anexo 6), está também inserido no mundo automóvel e é da marca Hyundai, mais concretamente, o Hyundai Tucson, com o título “Mudar é uma atitude”. Neste caso, a metáfora aqui existente, é atitude como a compra do carro, isto é, tomar a iniciativa de mudar, o que é normalmente associado a algo positivo, passa pela compra do carro por parte do consumidor. Podemos ver que entre todos estes anúncios há um elo comum, isto é, a forma de apresentação do anúncio. Os carros têm sempre o papel central do anúncio e aquilo que os rodeia é simples e estético, acentuando a ideia de classe. No anúncio da marca Audi temos por trás do carro um edifício com linhas modernas, o que passa a sensação de luxo e requinte do carro para o consumidor que o adquirir. Nos anúncios da campanha da marca BMW, temos o BMW Série 4 Cabrio com a sensação de movimento, com o pôr-do-sol atrás. Como este automóvel é descapotável, o que está mais ligado aos consumidores que preferem carros desportivos, para momentos mais ocasionais, o anúncio tenta mostrar que este carro é o ideal para quem quer sentir uma sensação de liberdade enquanto conduz, dando até ao dia-a-dia uma sensação de lazer. Com o BMW Série 4 Gran Coupé, temos mais uma vez o carro com a sensação de movimento. O céu é evidenciado, o que passa ao consumidor a imagem de que os limites da experiência de condução e de potência deste carro são bastante amplos, ou até sem limites, uma vez que muitas vezes para a publicidade não existem limites. Com a Hyundai mantêm-se os mesmos padrões, isto é, o Hyundai Tucson é a principal imagem do anúncio, e este está rodeado pela cidade, passando ao consumidor a ideia de que é um carro mais adequado à vida diária, citadina. Todos os anúncios de automóveis aqui analisados são também um exemplo de metonímia, usada sobretudo com imagens ou música, pois utilizam imagens estéticas, modernas e positivas, junto ao produto, fazendo com que este ganhe também uma imagem metonimicamente positiva, de forma a complementar a estética e contexto de cada carro, tornando-os mais atraentes a cada tipo de consumidor.
		É interessante perceber que todos os anúncios publicitários aqui analisadas contém título, usado no contexto da publicidade como um elo de ligação entre o produto que a marca está a vender, e os restantes elementos do anúncio, como por exemplo, a imagem. Em todos, o produto tem o papel central da imagem. Todos apresentam também um texto, ou frase informativa, em que destacam certas características do produto, de forma a comunicar melhor com o consumidor.
		</body>
		<conclusion>
		<p>CONCLUSÃO</p>
		A publicidade tem uma enorme importância nos dias de hoje, tanto para as empresas, pois é a partir dela que maximizam os lucros, como para o consumidor, que consegue ter mais consciência daquilo que o mercado pode oferecer, ao mesmo tempo que se insere num grupo social. Para conseguir chegar ao consumidor as empresas têm em conta vários fatores e tentam compreender todos os passos sintetizados na sigla AIDMA.
		Na análise da importância da linguagem verbal na publicidade percebemos que com a utilização de recursos linguísticos é mais fácil captar a atenção do consumidor. Os anúncios aqui analisados têm em comum a metáfora, tema deste trabalho, e a metonímia, como forma de prender o consumidor e passar a imagem de que existem formas de felicidade que podem ser adquiridas através da compra dos seus produtos. As duas primeiras publicidades, de duas marcas de cosméticos, têm em comum o mesmo público- alvo, e as restantes quatro, de marcas automóveis, utilizam a mesma forma de apresentação do anúncio. Todos estes anúncios utilizam os títulos e frases ou textos informativos para conseguir comunicar melhor com o consumidor. Consegue-se perceber que independentemente do tipo de produto, há regras que as várias equipas publicitárias tendem a manter para maximizar o objetivo principal de vender.
		</conclusion>
		</content>
</essay>

<essay>
	<title>Tears for Sale</title>
	<curricular_unit>Inglês C2</curricular_unit>
	<degree>Línguas e Literaturas Europeias</degree>
	<student_name>Sérgio Rosa Pereira</student_name>
	<link><a href="tearsale.pdf" target="_blank">ACEDER PDF</a></link>
<content>
		<introduction>
		<p>INTRODUCTION</p>

		Consisting of sixty short stories written by forty female writers, all of which engaged with Arab culture, “Arab Women Writers: An Anthology of Short Stories” sheds light upon Arab culture and most specifically, how women experience said culture and how they are influenced by it.
		The basis of this essay is to analyse the short story “Tears for Sale”, by Samira Azzam, from Palestine. It belongs to the seventh part this anthology, which focuses on the impact of custom and tradition on the lives of women.
		In this essay I will be exposing valid arguments that portray both the impact of women in tradition and, likewise, the impact of tradition in women. 
		</introduction>
	
		<body>
		<p>Tears for Sale</p>

		The short story begins with the narrator mentioning a woman, called Khazna. We know right from the beginning that she is both a mourner for the deceased and a beautician for brides. There are no mentions of the geographic and time setting, however we do know that the story takes place in the past. From the context, we can infer that the narrator was a young girl during the events of this short story.
		At the start of the short story, one of the narrator’s neighbors dies, and the possibility of a funeral seemed like an exciting experience for the narrator, pleased with how that day was shaping up. It’s important to mention that narrator was a child, which explains her initial obliviousness towards death and grief. 
		The narrator and another friend “infiltrated” the funeral, in search of fun adventures, until they were stopped by a strange woman: Khazna, who was there to mourn for the deceased. Her grievous screams, which echoed throughout the whole house, horrified the narrator. Khazna’s screams were like an epidemy, and the more she cried and screamed in despair, the more it was mimicked by the other women present at the funeral. Suddenly, they were not just mourning the man who died. They were mourning every person who died. Khazna had that effect on everyone who attended her funerals, it was hard to remain unaffected by her actions. One would say that she is the personification of sorrow and despair. And that is only partially wrong, as while she does carry this enormous echoing negativity around her, she does not really feel those feelings. It’s part of her role as a professional mourner, she goes to funerals and she emphasizes the sadness that was supposed to be felt by everyone, on those circumstances.
		On the second part of this short story, which occurs some time after the 	narrator’s first sighting of Khazna, they cross paths again. At this time, the narrator sees Khazna at a wedding, with totally different clothes, a much neater haircut and she was decorated with flowers, powder and other make-up to make her look prettier. However, it was not only physically that she looked different: she was constantly laughing, dancing, with a very cheerful energy that eradiated throughout the entire wedding. It was then that the narrator realized that Khazna performed similar (albeit opposite) roles in both funerals and weddings: as a bride beautician, she was in charge of enforcing bridal traditions, such as shaving the bride, giving her lovemaking advices, enhancing her looks, and even assuring that she and her husband consummate the wedding.
		Just like in the funerals, her screams (of joy, this time) were contagious and the rest of the women in the wedding felt compulsed to repeat them. Khazna was in charge of being the life of the party, and she excelled at that role.
		As Khazna cheered up the party, she would introspect, thinking about how one day it would be her daughter Masouda’s turn to marry a man, which filled Khazna’s heart with joy. This was probably the first the Khazna’s feelings were not faked.
		On the third and last part of this short story, which takes place during the summer, on which there was a big spree of Typhoid fever, we learn that Khazna’s daughter perished to said disease. Both curiosity and sadness compelled the narrator to attend Masouda’s funeral, on which people wondered how Khazna would react, at the face of her daughter’s corpse. It was a strange sighting, as unlike every other funeral they have seen, Khazna just stood in a corner, lying on the ground, making absolutely no sounds. No screams, no wailings, no evident signs of desperate mourning, just silence. And just like every funeral Khazna has attended, her actions were spread through the guests. Everybody stood there, in silence, as her daughter crossed to the afterlife.
		No one knows what happened to Khazna after this traumatic scene, but we can safely say that for the first time, and despite all the funerals she attended, she has experienced true sorrow. 

		Given the story, we can affirm with certainty that the title perfectly characterizes Khazna’s functions as a professional mourner and bride beautician: she functions like a catalyst in both scenarios, enhancing sadness when people should be sad and enhancing happiness when people should be happy, both in exchange for money, hence the “Tears for Sale”.
		With this tragic ending, it is certain that Khazna’s sentiments while performing her duties were not heartfelt, as given the sight of true sorrow, she did not know how to react, making her vast knowledge obtained from her professional roles completely useless. 
		I believe that this short story highlights the duality between tradition and authentic suffering. Khazna performed at countless funerals, faking her emotions to a point where even a psychopath would be amazed at her skills, which sort of displays a certain shallowness in the way traditions were executed at the time.  People did not need to be sad at the funerals, they needed to appear sad, because that is the way it goes with their traditions. Even if they felt sad, it was not okay if they did not show that they were sad, hence the usage of professional mourners to “turn on the waterworks”.
		It is also interesting that while Khazna has attended so many funerals, now that it is her time to mourn, her talents are useless and there is no one else to perform a similar role on her behalf. 
		Above all, I think that the main point of this short story is to highlight the role of women in traditional rites. The fact the Khazna has duties in such contrasting roles emphasizes the importance of women in the cycle of birth, life and death, for without women, the whole system would fall apart. This fits perfectly on the Part 7 of this Anthology, as it is highly directed to the effects that tradition has on the lives of women. </body>


		<conclusion>
		<p>CONCLUSION</p>

		This essay was aimed at displaying how the short story “Tears for Sale” portrays the role of women in Arab culture. While the full “Arab Women Writers: An Anthology of Short Stories” focuses on several thematics, this particular short story dives into the role of women in custom and traditions and how women impacts them. 
		With “Tears for Sale”, we can conclude that women have a huge influence on how traditions are shaped up in Arab culture, and while they are essential to it, they are also the ones affected by it the most. All these traditions present in Arab culture are seen as standard for individual and group conduct, no matter how much they affect women. This short story shows us that Khazna had the role of faking her emotions towards the sake of honouring her culture’s traditions, which in the end proved to be useless, as the faking of her emotions did not help her when it was her turn to experience genuine suffering. Her role shows that the Arab culture valued what is outside more than what is outside, depending on the situation: you can suffer, but you must show that you are suffering; you can be happy, but you must show that you are happy; you don’t need to suffer, but you must show that you are suffering, and you don’t need to be happy, but you need to show that you are happy. This hypocrisy is normal in certain Arab cultures, and with this short story we can see how women can be essential to said tradition.
		This short story is just one of several examples of the role of women in Arab culture, present in “Arab Women Writers: An Anthology of Short Stories”, which portrays perfectly the experiences of dozens of female writers with the Arab culture.	
		</conclusion>

		</content>
	</essay>
	<essay>
	
		<title>The Modernist Short Story</title>
		<curricular_unit>Literatura Inglesa II</curricular_unit>
		<degree>Línguas e Literaturas Europeias</degree>
		<student_name>Sérgio Rosa Pereira</student_name>
		<link><a href="modernistss.pdf" target="_blank">ACEDER PDF</a></link>
		<content>
		<introduction>
		<p>INTRODUCTION</p>
		In this portfolio we are going to take a look at the modernist short story, focusing especially on its main characteristics and development throughout history. We will begin by introducing the notion of short story and its main distinctive features. Subsequently, we shall focus on the development of the modern short story, its key features and how it’s different from the traditional short story. To conclude our portfolio, we will explore the most famous short story writers and approach two of them in detail, namely Katherine Mansfield and Virginia Woolf. 
		We have chosen this topic because we love reading, however, sometimes we do not have enough time to do so, which is why short stories are ideal for those, like us, who lack the time to read immersing and bible-sized books. Firstly, they are short, so we can read a whole story in one sitting. Secondly, it allows us to read a wide variety of reading material and its authors. Last but not least, they’re usually very well written, as it takes an enormous amount of skill to write one.
		All four members of our group contributed equally in the making of this portfolio, with Rui Patrício Barros focusing on the notion of short story, Ricardo Caldeira on the differences between traditional and modernist short story, Álvaro Maia on Katherine Mansfield and Sérgio Pereira on Virginia Woolf. The biggest section of our portfolio  (the development and key features of the modernist short story) was uniformly divided among the four members of the group.
		</introduction>
		<body>
		<p>What is a short story?</p>
		A short story is a piece of prose fiction that can be read in a single session. Rising from earlier oral narrative traditions in the seventeenth century, the short story has grown to encompass such a diverse set of work that challenges easy characterization. At its most prototypical, the short story features a small cast of named characters, and focuses on an autonomous incident intended to evoke a "single effect" or mood. In doing so, short stories use plot, resonance, and other dynamic components to a much greater degree than the typical anecdote , though much smaller than a novel. While the short story is quite distinct from the novel, the authors of the two usually rely on a common set of literary techniques.
		Short stories do not have a set length. In terms of word count, there is no official distinction between an anecdote, a short story and a novel. Instead, the parameters of form are given by the rhetorical and practical context in which a given story is produced and considered. That what constitutes a short story may differ between genres, countries, ages, and commentators. Like with the novel, the predominant form of the short story reflects the demands of the markets available for publication and the evolution of the form seems to be closely linked to the evolution of the publishing sector and the guidelines of presentation of its constituent houses.
		The short story was considered a form of learning that precedes longer works, and a form worked out in its own right, assembled in books of length, price and distribution similar to novels. Short story writers can define their works as part of artistic and personal expression of form. They may also try to resist categorization by gender and fixed formation. 
		Differences between traditional and modern short story
		Firstly, lets distinguish "traditional" and "modern." Although, we call it Traditional short stories, its beginnings came from the oral narratives, such as anecdotes, parables  and fables . These forms of storytelling, are characterized by a swiftly sketched situation that quickly comes to its climax. Furthermore, these were frequently told in the form of rhyming, or rhythmic verse. Such stylistic devices were used as mnemonics  in order to provide easier recall, rendition and adaptation of the story. Such story telling gave birth to some of the greatest epics, e.g. Homer’s Iliad and Odyssey. In Europe, short stories were told in the form of anecdotes. Popular under the Roman Empire, these functioned as a brief realistic narrative that embodied a point. However, the oral storytelling tradition only began to develop in early 14th century, prominently with Geoffrey Chaucer’s Canterbury Tales and Giovanni Boccaccio’s Decameron. 
		The modern period of literature began in the 1920s. However, according to Virginia Woolf's statements, it began in 1910, as there were early examples of Modernism emerging before 1920. 
 		Two good examples of modern short story collections are Spoon River Anthology (1916), by Edgar Lee Masters and Winesburg, Ohio (1919), by Sherwood Anderson. Both use the narrative first voice, very frequent in Modernist literature. Both stories approach personal subjects and illuminate less savory aspects of humanity, through characters who seem real. Contrarily, Naturalism, which had preceded this, used environment and physical imperfections to represent character. Masters’ work also increased the popularity of free verse, as the narratives are not quite stories but rather poems that tell stories. Another characteristic of modernism in literature is the blending of forms.
 		Later Modernist literature also included free-indirect discourse and stream-of-consciousness. Stream-of-consciousness is particularly evident in the works of Virginia Woolf and James Joyce. William Faulkner is also a good example, in American literature.
 		Stream-of-consciousness narratives include the thoughts of the characters in the narrative without the interruption of a narrator who tells us that there has been a shift from action to thought. The narrative may also suddenly jump from the mind of one character and into another. In the 19th century, the use of voice was tightly controlled and the narrative voice—usually a third-person omniscient narrator—was invasive and sometimes told the reader what to think about a particular character. 
 		Free-indirect discourse is a literary device that occurs in prose narratives written in the third-person omniscient voice. In the narrative, there is a sudden merging between the narrator’s voice, which is otherwise distant and observant, and that of the character who is speaking or having a thought.

		<p>The Development of the modern short story</p>

		The modern short story suffered a change between 1800 and 1890, a rise which was concurrent with the emergence of literary modernism. Between the formal properties and the capacities of the short story and the new ways of representing the social world displayed in modernist fiction, and the concern with formal innovation, there are various connections, which happen to be more than circumstantial. 
		Modernism and the short story had meaningful implications in terms of literary history, and in defining the role of fiction-making in the twentieth century. It is known for the compression of time and the dependence on symbolism. The essence in literary modernism is sheathed in the short story, with its abiding ability to seize the episodic nature of the twentieth century experience.
		The Modernist short story analyses the personality, especially the consideration of the fragmented, dehumanized self and has also a generic tendency towards paradox and ambiguity (authorial detachment and the resulting emphasis on the artifice and structural patterning give rise to an uncertain surface structure).
		Dominic Head proposes a connection between the generic capacities of the short story and the way in which writers have depicted their social world. The short story status was discussed and seen as easy to dissect, along with a concentration demand, and thus not allowing starts and stops which exhausts the attention of the reader.

		<p>Key Features of the Modernist short story</p>

		<p>-	Limitation and foregrounding of the point of view;</p>
		<p>-	Focus on presentation of sensation and inner experience;</p>
		<p>-	Removal or transformation of several elements of the traditional plot;</p>
		<p>-	No chronological time ordering;</p>
		<p>-	Spatial form;</p>
		<p>-	More frequent metaphors and metonymies in the presentation of the events of existence;</p>
		<p>-	Formal and stylistic economy;</p>
		<p>-	Foregrounding of style;</p>
		<p>-	The short story shares all these characteristics with the modern novel, however they look different in the short story because of its short size;</p>
		<p>-	The focus on subjectivity affects the themes of modern fiction: alienation, isolation, the search for identity;</p>

		<p>Biography of Katherine Mansfield</p>

		Kathleen Mansfield Beauchamp-Murry was born in Wellington on October 14, 1888 and deceased on January 9, 1923, in France. She was a leading New Zealand writer, born and raised in New Zealand and wrote under the pseudonym Katherine Mansfield. At the age of 19, Katherine left New Zealand and moved to Britain, where she became friends with modernist writers such as D. H. Lawrence and Virginia Woolf. In the year of 1917 she was diagnosed with extrapulmonary tuberculosis, which led to her early death at the age of 34.
		As a symbol of modernism, Katherine Mansfield was honored with many houses named after her, their being high schools and colleges, as well as a Wellington Park and the street she lived at, in France.
		Biography of Virginia Woolf
		Adeline Virginia Woolf was born on January 25, 1882, and deceased on March 28, 1941, in England. Virginia became one of the most important writers of the twentieth century when it comes to the invigorating process of modernism, and a true pioneer of stream of consciousness as a device to narrative.
		Curiously, Virginia was home-schooled for the better part of her childhood, mostly in English classics and Victorian literature. She published her first novel The Voyage Out in 1915, and later became one of the central subjects of feminist criticism, a movement that erupted in the 1970s, after already being a significant figure in London literary society.
		She passed away after suffering from various bouts of mental illness throughout her life, ending with her taking out her own life by drowning, at the age of 59. There is an interesting quote from her, where she states: “You cannot find peace by avoiding life”, and she unfortunately could not find peace herself.
		</body>

		<conclusion>
		<p>CONCLUSION</p>
		With this portfolio and all the information that we’ve collected, we concluded that modernism (and modernist short stories in particular) revolutionized the world of literature, in the sense that it attracted a strong belief that the world is created in the way we perceive it; that is, the world is what we say it is, that all things are relative and life itself is unordered. While we learned how impactful modernism was, we also learned how important short stories are, not necessarily just modernist ones, but all of them. Their short size that allows quick reading and easy interpretation, which certainly makes them very attracting for the reader. These characteristics, aligned with the modernist traits brought by remarkable writers such as Katherine Mansfield, Virginia Woolf and James Joyce, result in wonderful short stories that every avid reader should experience, as the four of us have.
		</conclusion>
		</content>
	</essay>

</portfolio>